{"stats":{"minecraft:picked_up":{"minecraft:dirt":4},"minecraft:dropped":{"minecraft:bread":1},"minecraft:custom":{"minecraft:time_since_rest":26244,"minecraft:crouch_one_cm":492,"minecraft:play_time":26244,"minecraft:sprint_one_cm":17030,"minecraft:damage_taken":40,"minecraft:walk_one_cm":19084,"minecraft:sneak_time":391,"minecraft:walk_under_water_one_cm":111,"minecraft:drop":1,"minecraft:jump":140,"minecraft:damage_dealt":10,"minecraft:leave_game":4,"minecraft:walk_on_water_one_cm":86,"minecraft:time_since_death":26244,"minecraft:total_world_time":26244,"minecraft:fall_one_cm":7223,"minecraft:fly_one_cm":83283},"minecraft:mined":{"minecraft:grass":1,"biomesoplenty:bush":1,"minecraft:grass_block":3,"minecraft:dirt":1},"minecraft:used":{"minecraft:dirt":4,"minecraft:bread":2,"alexscaves:submarine":1}},"DataVersion":3465}