{"stats":{"minecraft:picked_up":{"minecraft:dirt":2},"minecraft:mined":{"minecraft:grass_block":1,"minecraft:dirt":1},"minecraft:custom":{"minecraft:jump":39,"minecraft:time_since_rest":8806,"minecraft:leave_game":2,"minecraft:damage_dealt":10,"minecraft:crouch_one_cm":51,"minecraft:sprint_one_cm":3844,"minecraft:play_time":8806,"minecraft:time_since_death":8806,"minecraft:walk_one_cm":5202,"minecraft:sneak_time":64,"minecraft:total_world_time":8806,"minecraft:fall_one_cm":1734,"minecraft:fly_one_cm":42509},"minecraft:used":{"minecraft:dirt":2}},"DataVersion":3465}