{"stats":{"minecraft:picked_up":{"minecraft:dirt":3},"minecraft:custom":{"minecraft:jump":41,"minecraft:time_since_rest":14486,"minecraft:leave_game":3,"minecraft:damage_dealt":10,"minecraft:crouch_one_cm":357,"minecraft:sprint_one_cm":3844,"minecraft:play_time":14486,"minecraft:time_since_death":14486,"minecraft:walk_one_cm":7219,"minecraft:sneak_time":322,"minecraft:total_world_time":14486,"minecraft:fall_one_cm":1734,"minecraft:fly_one_cm":60579},"minecraft:mined":{"minecraft:grass_block":2,"minecraft:dirt":1},"minecraft:used":{"minecraft:dirt":3}},"DataVersion":3465}